007,007Coin
42,42Coin
8BIT,8Bit
ABY,ArtByte
AC,AsiaCoin
ACCI,NxttyACCI
ACOIN,Acoin
ADN,Aiden
AGRS,AgorasTokens
ALN,Aliencoin
AM,AeroMe
AMBER,AmberCoin
AMP,Synereo
ANAL,AnalCoin
ANC,Anoncoin
APC,Applecoin
APEX,ApexCoin
ARCH,ARCHcoin
ARG,Argentum
ARI,Aricoin
ASC,AsicCoin
AUR,Auroracoin
AXR,Axron
BANX,Banx
BAT,BatCoin
BAY,BitBay
BBR,Boolberry
BCN,Bytecoin
BCX,BattleCoin
BCY,Bitcrystals
BEN,Benjamins
BET,BetaCoin
BILS,BilShares
BITB,BitBean
BITBTC,bitBTC
BITCNY,bitCNY
BITGOLD,bitGold
BITS,Bitstar
BITUSD,bitUSD
BITZ,Bitz
BKS,BlockShares
BLC,Blakecoin
BLITZ,Blitzcash
BLK,BlackCoin
BLOCK,Blocknet
BLU,BlueCoin
BOB,Dobbscoin
BOST,BoostCoin
BQC,BBQCoin
BRIT,BritCoin
BSTY,GlobalBoost-Y
BTA,Bata
BTB,BitBar
BTC,Bitcoin
BTCD,BitcoinDark
BTCRY,BitCrystal
BTCS,BitcoinScrypt
BTG,Bitgem
BTM,Bitmark
BTQ,BitQuark
BTS,BitShares
BTX,BitcoinTX
BUK,CryptoBuck
BUN,BunnyCoin
BURST,Burst
BVC,BeaverCoin
BYC,Bytecent
C2,Coin2.1
CACH,CacheCoin
CAGE,CageCoin
CAIX,CAIx
CANN,CannabisCoin
CAP,Bottlecaps
CASH,Cashcoin
CBX,CryptoBullion
CC,CyberCoin
CCN,Cannacoin
CDN,CanadaeCoin
CELL,SolarFarm
CESC,CryptoEscudo
CF,Californium
CGA,Cryptographi...
CKC,Checkcoin
CLAM,Clams
CLOAK,CloakCoin
CLR,Copperlark
CNL,ConcealCoin
CNMT,Coinomat
COINO,CoinoUSD
COL,Colossuscoin
COMM,CommunityCoin
CON,PayCon
COOL,CoolCoin
CORG,CorgiCoin
COV,Coven
CRACK,CrackCoin
CRAIG,CraigsCoin
CRAVE,Crave
CREDIT,Creditbit
CREVA,CrevaCoin
CRT,CRTCoin
CRW,CrownCoin
CRYPT,CryptCoin
CSC,CasinoCoin
CTM,ContinuumCoin
CURE,CureCoin
CYP,Cypher
CZC,CzechCrownCoin
DAO,TheDAO
DARK,DarkCoin
DASH,Dash
DBL,Doubloons
DCR,Decred
DEBUNE,DeBuNe
DEM,DeutscheeMark
DEX,InstantDEX
DGB,DigiByte
DGC,Digitalcoin
DGD,DigixDAO
DICE,NeoDICE
DIEM,Diem
DIME,Dimecoin
DMD,Diamond
DOGE,Dogecoin
DOPE,DopeCoin
DP,DigitalPrice
DRKC,DarkCash
DRZ,Droidz
DSB,DarkShibe
DTC,Datacoin
DVC,Devcoin
EAC,EarthCoin
ECC,ECCoin
EFL,ElectronicG...
EKN,Elektron
ELC,Elacoin
ELT,Electron
EMC,Emercoin
EMC2,Einsteinium
EMD,EmeraldCrypto
ENRG,Energycoin
ETH,Ethereum
EXC,Extremecoin
EXCL,ExclusiveCoin
EXE,Execoin
EXP,Expanse
FAIR,FairCoin
FC2,FuelCoin
FCN,Fantomcoin
FCT,Factom
FFC,FireFlyCoin
FIBRE,Fibre
FIC,FullIntegri...
FIMK,FIMKrypto
FLAP,FlappyCoin
FLDC,FoldingCoin
FLO,FlorinCoin
FLT,FlutterCoin
FRC,Freicoin
FRK,Franko
FRSH,FreshCoin
FST,Fastcoin
FTC,Feathercoin
GAIA,GAIA
GAP,Gapcoin
GB,GoldBlocks
GCN,GCoin
GDC,GrandCoin
GEMZ,GetGems
GEO,GeoCoin
GHC,GamerholicCoin
GLC,GlobalCoin
GLD,GoldCoin
GLYPH,Glyph
GMC,GameCredits
GP,GoldPieces
GRC,GridCoin
GRE,Greencoin
GRS,GroestlCoin
GUA,Guarany
GUE,Guerillacoin
GUN,Guncoin
HAL,Halcyon
HAM,HamRadioCoin
HBN,HoboNickels
HEX,Heisenberg
HTML5,HTMLCOIN
HUC,HunterCoin
HVC,Heavycoin
HYP,HyperStake
HYPER,Hyper
HZ,Horizon
I0C,I0Coin
ICASH,iCash
ICB,IcebergCoin
IEC,IvugeoCoin
IFC,Infinitecoin
IOC,I/OCoin
ISR,Isracoin
IXC,Ixcoin
J,Joincoin
JAY,Jay
JBS,Jumbucks
JINN,Jinn
JKC,Junkcoin
JLH,jl777hodl
JUDGE,Judgecoin
KARM,Karmacoin
KDC,KlondikeCoin
KOBO,Kobocoin
KORE,KoreCoin
KUMA,Kumacoin
LDOGE,LiteDoge
LEAF,LeafCoin
LGD,LegendaryCoin
LKY,Luckycoin
LOG,Woodcoin
LOT,LottoCoin
LSD,Lightspeed
LSK,Lisk
LTB,LiteBar
LTBC,LTBcoin
LTC,Litecoin
LTCD,LitecoinDark
LXC,Librexcoin
LYC,Lycancoin
MAC,Machinecoin
MAIA,MaiaCoin
MAID,MaidSafeCoin
MARYJ,MaryJane
MAX,MaxCoin
MCN,MonetaVerde
MEC,Megacoin
MED,Mediterranea...
MEOW,Kittehcoin
METAL,MetalCoin
MGW,MGW
MINT,Mintcoin
MMC,Memorycoin
MMNXT,MMNXT
MNC,Mincoin
MNE,Munne
MONA,MonaCoin
MOON,Mooncoin
MRKT,FreeMarket
MRS,Marscoin
MRY,Murraycoin
MTR,MasterTrader...
MUE,MonetaryUnit
MUSE,MUSE
MWC,MultiWalletCoin
MYR,Myriadcoin
MZC,MazaCoin
NAS,Nas
NAUT,NautilusCoin
NAV,NAVCoin
NBT,NuBits
NEC,Neocoin
NEOS,NeosCoin
NET,NetCoin
NIRO,Nexus
NKA,IncaKoin
NLG,Gulden
NMB,Nimbus
NMC,Namecoin
NOBL,NobleCoin
NODE,Node
NOTE,DNotes
NOXT,NobleNXT
NRB,Noirbits
NRS,NoirShares
NSR,NuShares
NTR,Neutrino
NTRN,Neutron
NVC,Novacoin
NXT,Nxt
NXTI,NXTInspect
NXTPRIVACY,NXTprivacy
NXTTY,Nxttycoin
NXTV,NXTventure
NYAN,Nyancoin
NYC,NewYorkCoin
OBITS,Obits
OC,OrangeCoin
OK,OKCash
ORB,Orbitcoin
ORO,ORObit
OSC,OpenSourcecoin
P7C,P7Coin
PANGEA,PangeaPoker
PHO,Photon
PHS,Philosopher...
PIGGY,Piggycoin
PINK,PinkCoin
PLNC,PLNcoin
PLS,PLAY
PMP,PreminePlus
PND,Pandacoin
POP,PopularCoin
POT,PotCoin
PPC,Peercoin
PRIVATEBET,Privatebet
PRT,Particle
PSEUD,PseudoCash
PTC,Pesetacoin
PTS,BitSharesPTS
PXC,Phoenixcoin
PXI,Prime-XI
PYC,Paycoin
QB,Quarkbar
QBK,Qibuck
QCN,QuazarCoin
QORA,Qora
QRK,Quark
QSLV,Quicksilver
QTL,Quatloo
RADS,Radium
RBBT,RabbitCoin
RBR,RibbitRewards
RBT,Rimbit
RBY,Rubycoin
RDD,ReddCoin
RED,RedCoin
RIC,Riecoin
RIN,Ringo
RIPO,RipoffCoin
ROOT,RootCoin
ROS,RosCoin
RPC,RonPaulCoin
RT2,RotoCoin
RZR,Razor
SAT2,Saturn2Coin
SC,Siacoin
SCOT,Scotcoin
SDC,ShadowCash
SEC,SafeExchang...
SF0,sharkfund0
SFR,SaffronCoin
SHA,SHACoin
SHADE,ShadeCoin
SHLD,ShieldCoin
SIB,SIBCoin
SILK,Silkcoin
SJCX,StorjcoinX
SKYNET,SkyNET
SLG,Sterlingcoin
SLING,Sling
SLR,SolarCoin
SMBR,SembroToken
SMC,SmartCoin
SMLY,SmileyCoin
SOL,Solcoin
SOLE,Solecoin
SONG,SongCoin
SOON,SoonCoin
SPA,SpainCoin
SPHR,Sphere
SPR,SpreadCoin
SPT,Spots
SRC,SecureCoin
SSD,Sonic
START,Startcoin
STEEM,Steem
STV,Sativacoin
SUPER,SuperCoin
SWARM,Swarm
SWIFT,BitSwift
SXC,Sexcoin
SYNC,Sync
SYS,SysCoin
TAG,TagCoin
TAGR,TAGRcoin
TAK,TakCoin
TCO,TacoCoin
TEK,TEKcoin
TES,TeslaCoin
THC,HempCoin
TIPS,FedoraCoin
TIT,Titcoin
TIX,Tickets
TOP,TopCoin
TOR,TorCoin
TRC,Terracoin
TRI,Triangles
TRK,Truckcoin
TRON,Positron
TRUST,TrustPlus
U,UCoin
UFO,UFOCoin
UIS,Unitus
ULTC,Umbrella-LTC
UNB,UnbreakableCoin
UNC,UnionCoin
UNITY,SuperNET
UNO,Unobtanium
URC,Unrealcoin
URO,Uro
USDT,Tether
UTC,UltraCoin
UTIL,UtilityCoin
VDO,Vidio
VGC,VegasCoin
VIA,Viacoin
VIOR,Viorcoin
VNL,Vanillacoin
VOOT,VootCoin
VOX,Voxels
VPN,VPNCoin
VRC,VeriCoin
VTA,Virtacoin
VTC,Vertcoin
WAVES,Waves
WBB,WildBeastB...
WDC,WorldCoin
XAI,SapienceAIFX
XAU,Xaurum
XBC,BitcoinPlus
XBS,BitStake
XC,XCurrency
XCH,ClearingHouse
XCN,Cryptonite
XCO,X-Coin
XCP,Counterparty
XCR,Crypti
XDN,DigitalNote
XDP,Dogeparty
XDQ,Dirac
XEM,NEM
XGR,GoldReserve
XJO,Joulecoin
XLB,Libertycoin
XLM,Stellar
XMG,Magi
XMR,Monero
XPD,PetroDollar
XPM,Primecoin
XPY,PayCoin
XQN,Quotient
XRP,Ripple
XSI,StabilityShares
XST,Stealthcoin
XTC,TileCoin
XVC,Vcash
XVG,Verge
XWC,WhiteCoin
XXX,XxXcoin
YAC,Yacoin
YBC,YbCoin
YOC,Yocoin
YUM,CandyCoin
ZCC,ZcCoin
ZED,Zedcoin
ZET,Zetacoin
ZRC,ZiftrCOIN
ZS,ZimStake
